r,r_dB,eta,M,gamma,sigma,var_exact,rate_per_mode,shots_resolve,fit_slope,fit_R2
0.0,0.0,1.0,1,1.0,1.0,0.13333333333333333,1.0986122886681098,119.99999999999997,-1.0878273782130827,0.9997965359468859
0.0,0.0,1.0,2,1.0,1.0,0.0711111111111111,1.0986122886681098,63.99999999999998,-1.0878273782130827,0.9997965359468859
0.0,0.0,1.0,4,1.0,1.0,0.010745679012345678,1.0986122886681098,9.671111111111108,-1.0878273782130827,0.9997965359468859
0.0,0.0,1.0,8,1.0,1.0,0.00014985579027587258,1.0986122886681098,0.1348702112482853,-1.0878273782130827,0.9997965359468859
0.0,0.0,1.0,16,1.0,1.0,2.3224019525418772e-08,1.0986122886681098,2.090161757287689e-05,-1.0878273782130827,0.9997965359468859
0.0,0.0,1.0,32,1.0,1.0,5.39659484785756e-16,1.0986122886681098,4.856935363071804e-13,-1.0878273782130827,0.9997965359468859
0.0,0.0,1.0,50,1.0,1.0,1.3929555690872794e-24,1.0986122886681098,1.2536600121785511e-21,-1.0878273782130827,0.9997965359468859
0.0,0.0,0.9,1,0.9,1.0,0.13182384353696303,1.0520670771351037,118.64145918326669,-1.0403819310642897,0.9997517088728872
0.0,0.0,0.9,2,0.9,1.0,0.07469224030614598,1.0520670771351037,67.22301627553136,-1.0403819310642897,0.9997517088728872
0.0,0.0,0.9,4,0.9,1.0,0.012638688824913816,1.0520670771351037,11.374819942422432,-1.0403819310642897,0.9997517088728872
0.0,0.0,0.9,8,0.9,1.0,0.0002161912314292895,1.0520670771351037,0.1945721082863605,-1.0403819310642897,0.9997517088728872
0.0,0.0,0.9,16,0.9,1.0,4.889542641081098e-08,1.0520670771351037,4.400588376972987e-05,-1.0403819310642897,0.9997517088728872
0.0,0.0,0.9,32,0.9,1.0,2.3931958965479556e-15,1.0520670771351037,2.1538763068931598e-12,-1.0403819310642897,0.9997517088728872
0.0,0.0,0.9,50,0.9,1.0,1.427755002122386e-23,1.0520670771351037,1.2849795019101472e-20,-1.0403819310642897,0.9997517088728872
0.0,0.0,0.7,1,0.7,1.0,0.12609157734391935,0.9435348245161899,113.48241960952738,-0.9293661300741519,0.9995981759126353
0.0,0.0,0.7,2,0.7,1.0,0.08226307395282466,0.9435348245161899,74.03676655754218,-0.9293661300741519,0.9995981759126353
0.0,0.0,0.7,4,0.7,1.0,0.018160990891960785,0.9435348245161899,16.344891802764703,-0.9293661300741519,0.9995981759126353
0.0,0.0,0.7,8,0.7,1.0,0.0005040163754768827,0.9435348245161899,0.4536147379291943,-0.9293661300741519,0.9995981759126353
0.0,0.0,0.7,16,0.7,1.0,2.772174410521408e-07,0.9435348245161899,0.0002494956969469267,-0.9293661300741519,0.9995981759126353
0.0,0.0,0.7,32,0.7,1.0,7.71428102563807e-14,0.9435348245161899,6.942852923074261e-11,-0.9293661300741519,0.9995981759126353
0.0,0.0,0.7,50,0.7,1.0,3.246396863388284e-21,0.9435348245161899,2.921757177049455e-18,-0.9293661300741519,0.9995981759126353
0.0,0.0,0.5,1,0.5,1.0,0.11388026216662461,0.8047189562170501,102.49223594996214,-0.786354292220109,0.999225563367441
0.0,0.0,0.5,2,0.5,1.0,0.0888888888888889,0.8047189562170501,80.0,-0.786354292220109,0.999225563367441
0.0,0.0,0.5,4,0.5,1.0,0.027654320987654323,0.8047189562170501,24.888888888888886,-0.786354292220109,0.999225563367441
0.0,0.0,0.5,8,0.5,1.0,0.0014475842097241274,0.8047189562170501,1.3028257887517143,-0.786354292220109,0.999225563367441
0.0,0.0,0.5,16,0.5,1.0,2.5367694268745813e-06,0.8047189562170501,0.0022830924841871227,-0.786354292220109,0.999225563367441
0.0,0.0,0.5,32,0.5,1.0,6.553060340472264e-12,0.8047189562170501,5.897754306425036e-09,-0.786354292220109,0.999225563367441
0.0,0.0,0.5,50,0.5,1.0,3.355441807044431e-18,0.8047189562170501,3.019897626339987e-15,-0.786354292220109,0.999225563367441
0.0,0.0,0.3,1,0.3,1.0,0.08778069000118593,0.6118877158110578,79.00262100106733,-0.5848400944730384,0.9978768149954288
0.0,0.0,0.3,2,0.3,1.0,0.08750607681088968,0.6118877158110578,78.7554691298007,-0.5848400944730384,0.9978768149954288
0.0,0.0,0.3,4,0.3,1.0,0.043816849351101785,0.6118877158110578,39.4351644159916,-0.5848400944730384,0.9978768149954288
0.0,0.0,0.3,8,0.3,1.0,0.005660853496870496,0.6118877158110578,5.094768147183445,-0.5848400944730384,0.9978768149954288
0.0,0.0,0.3,16,0.3,1.0,5.2676746176907184e-05,0.6118877158110578,0.047409071559216455,-0.5848400944730384,0.9978768149954288
0.0,0.0,0.3,32,0.3,1.0,3.1246929430938414e-09,0.6118877158110578,2.8122236487844564e-06,-0.5848400944730384,0.9978768149954288
0.0,0.0,0.3,50,0.3,1.0,5.1637290376835166e-14,0.6118877158110578,4.647356133915164e-11,-0.5848400944730384,0.9978768149954288
0.0,0.0,0.1,1,0.1,1.0,0.031070278214215596,0.29389333245105953,27.96325039279403,-0.24131396797318233,0.981071878251632
0.0,0.0,0.1,2,0.1,1.0,0.04535147392290251,0.29389333245105953,40.81632653061225,-0.24131396797318233,0.981071878251632
0.0,0.0,0.1,4,0.1,1.0,0.048333770394023035,0.29389333245105953,43.50039335462072,-0.24131396797318233,0.981071878251632
0.0,0.0,0.1,8,0.1,1.0,0.02749950737654909,0.29389333245105953,24.749556638894177,-0.24131396797318233,0.981071878251632
0.0,0.0,0.1,16,0.1,1.0,0.00448297603028952,0.29389333245105953,4.034678427260567,-0.24131396797318233,0.981071878251632
0.0,0.0,0.1,32,0.1,1.0,6.126394348305293e-05,0.29389333245105953,0.055137549134747624,-0.24131396797318233,0.981071878251632
0.0,0.0,0.1,50,0.1,1.0,3.657477503145009e-07,0.29389333245105953,0.00032917297528305074,-0.24131396797318233,0.981071878251632
0.3,2.606,1.0,1,1.822118800390509,1.0,0.13272264135890643,1.372896141679075,119.45037722301576,-1.3659919149727924,0.9999321785811218
0.3,2.606,1.0,2,1.822118800390509,1.0,0.04964112771391737,1.372896141679075,44.677014942525624,-1.3659919149727924,0.9999321785811218
0.3,2.606,1.0,4,1.822118800390509,1.0,0.003909422915228207,1.372896141679075,3.5184806237053854,-1.3659919149727924,0.9999321785811218
0.3,2.606,1.0,8,1.822118800390509,1.0,1.6940288323329378e-05,1.372896141679075,0.015246259490996438,-1.3659919149727924,0.9999321785811218
0.3,2.606,1.0,16,1.822118800390509,1.0,2.8849445407396866e-10,1.372896141679075,2.5964500866657175e-07,-1.3659919149727924,0.9999321785811218
0.3,2.606,1.0,32,1.822118800390509,1.0,8.32302130139527e-20,1.372896141679075,7.490719171255741e-17,-1.3659919149727924,0.9999321785811218
0.3,2.606,1.0,50,1.822118800390509,1.0,1.5414841804737224e-30,1.372896141679075,1.3873357624263499e-27,-1.3659919149727924,0.9999321785811218
0.3,2.606,0.9,1,1.5153288839263928,1.0,0.13443446593309072,1.2871691511950987,120.99101933978163,-1.279267796518278,0.9999055777639262
0.3,2.606,0.9,2,1.5153288839263928,1.0,0.05614894873320872,1.2871691511950987,50.53405385988784,-1.279267796518278,0.9999055777639262
0.3,2.606,0.9,4,1.5153288839263928,1.0,0.005404870394258562,1.2871691511950987,4.864383354832706,-1.279267796518278,0.9999055777639262
0.3,2.606,0.9,8,1.5153288839263928,1.0,3.356045649539298e-05,1.2871691511950987,0.030204410845853676,-1.279267796518278,0.9999055777639262
0.3,2.606,0.9,16,1.5153288839263928,1.0,1.1371628169901451e-09,1.2871691511950987,1.0234465352911305e-06,-1.279267796518278,0.9999055777639262
0.3,2.606,0.9,32,1.5153288839263928,1.0,1.293198795062579e-18,1.2871691511950987,1.163878915556321e-15,-1.279267796518278,0.9999055777639262
0.3,2.606,0.9,50,1.5153288839263928,1.0,1.1206681210240113e-28,1.2871691511950987,1.00860130892161e-25,-1.279267796518278,0.9999055777639262
0.3,2.606,0.7,1,1.0231402979570619,1.0,0.13359228965881473,1.1087925214370373,120.23306069293322,-1.0981930784411935,0.9998051002800065
0.3,2.606,0.7,2,1.0231402979570619,1.0,0.07031255893297203,1.1087925214370373,63.28130303967482,-1.0981930784411935,0.9998051002800065
0.3,2.606,0.7,4,1.0231402979570619,1.0,0.01036624140635167,1.1087925214370373,9.3296172657165,-1.0981930784411935,0.9998051002800065
0.3,2.606,0.7,8,1.0231402979570619,1.0,0.00013828418831665157,1.1087925214370373,0.12445576948498639,-1.0981930784411935,0.9998051002800065
0.3,2.606,0.7,16,1.0231402979570619,1.0,1.9733898489238055e-08,1.1087925214370373,1.7760508640314247e-05,-1.0981930784411935,0.9998051002800065
0.3,2.606,0.7,32,1.0231402979570619,1.0,3.8961961874269764e-16,1.1087925214370373,3.506576568684278e-13,-1.0981930784411935,0.9998051002800065
0.3,2.606,0.7,50,1.0231402979570619,1.0,8.372907979323316e-25,1.1087925214370373,7.5356171813909825e-22,-1.0981930784411935,0.9998051002800065
0.3,2.606,0.5,1,0.6456563062257954,1.0,0.1236149559773736,0.9094643801264268,111.25346037963621,-0.8943854104402053,0.9995300880655195
0.3,2.606,0.5,2,0.6456563062257954,1.0,0.08428868816634548,0.9094643801264268,75.85981934971092,-0.8943854104402053,0.9995300880655195
0.3,2.606,0.5,4,0.6456563062257954,1.0,0.020238568425253827,0.9094643801264268,18.21471158272844,-0.8943854104402053,0.9995300880655195
0.3,2.606,0.5,8,0.6456563062257954,1.0,0.0006552991489719302,0.9094643801264268,0.589769234074737,-0.8943854104402053,0.9995300880655195
0.3,2.606,0.5,16,0.6456563062257954,1.0,4.77707125754259e-07,0.9094643801264268,0.00042993641317883306,-0.8943854104402053,0.9995300880655195
0.3,2.606,0.5,32,0.6456563062257954,1.0,2.2950118660359593e-13,0.9094643801264268,2.065510679432363e-10,-0.8943854104402053,0.9995300880655195
0.3,2.606,0.5,50,0.6456563062257954,1.0,1.7833307838600265e-20,0.9094643801264268,1.6049977054740233e-17,-0.8943854104402053,0.9995300880655195
0.3,2.606,0.3,1,0.3469638101509812,1.0,0.09585073023810936,0.66429428596738,86.2656572142984,-0.6400258434057803,0.998407336146771
0.3,2.606,0.3,2,0.3469638101509812,1.0,0.08946922263366505,0.66429428596738,80.52230037029854,-0.6400258434057803,0.998407336146771
0.3,2.606,0.3,4,0.3469638101509812,1.0,0.03938725135279614,0.66429428596738,35.448526217516516,-0.6400258434057803,0.998407336146771
0.3,2.606,0.3,8,0.3469638101509812,1.0,0.003974357110695179,0.66429428596738,3.5769213996256606,-0.6400258434057803,0.998407336146771
0.3,2.606,0.3,16,0.3469638101509812,1.0,2.331577561750898e-05,0.66429428596738,0.020984198055758078,-0.6400258434057803,0.998407336146771
0.3,2.606,0.3,32,0.3469638101509812,1.0,5.853653445025362e-10,0.66429428596738,5.268288100522825e-07,-0.6400258434057803,0.998407336146771
0.3,2.606,0.3,50,0.3469638101509812,1.0,3.758532665838336e-15,0.66429428596738,3.382679399254502e-12,-0.6400258434057803,0.998407336146771
0.3,2.606,0.1,1,0.10472507345521934,1.0,0.03287962591697191,0.30428476191871423,29.591663325274713,-0.2527071552795862,0.9828153789561217
0.3,2.606,0.1,2,0.10472507345521934,1.0,0.04742629371808693,0.30428476191871423,42.68366434627823,-0.2527071552795862,0.9828153789561217
0.3,2.606,0.1,4,0.10472507345521934,1.0,0.04936275945489388,0.30428476191871423,44.426483509404484,-0.2527071552795862,0.9828153789561217
0.3,2.606,0.1,8,0.10472507345521934,1.0,0.026793576270280665,0.30428476191871423,24.114218643252595,-0.2527071552795862,0.9828153789561217
0.3,2.606,0.1,16,0.10472507345521934,1.0,0.00397960802998211,0.30428476191871423,3.581647226983898,-0.2527071552795862,0.9828153789561217
0.3,2.606,0.1,32,0.10472507345521934,1.0,4.532493501782463e-05,0.30428476191871423,0.04079244151604216,-0.2527071552795862,0.9828153789561217
0.3,2.606,0.1,50,0.10472507345521934,1.0,2.216525354790131e-07,0.30428476191871423,0.00019948728193111177,-0.2527071552795862,0.9828153789561217
0.5,4.343,1.0,1,2.718281828459045,1.0,0.12545041917148825,1.5622002500464998,112.9053772543394,-1.5570099975115324,0.999966219270897
0.5,4.343,1.0,2,2.718281828459045,1.0,0.03686963180652548,1.5622002500464998,33.18266862587292,-1.5570099975115324,0.999966219270897
0.5,4.343,1.0,4,2.718281828459045,1.0,0.0018824502696179232,1.5622002500464998,1.6942052426561307,-1.5570099975115324,0.999966219270897
0.5,4.343,1.0,8,2.718281828459045,1.0,3.733068319237521e-06,1.5622002500464998,0.003359761487313768,-1.5570099975115324,0.999966219270897
0.5,4.343,1.0,16,2.718281828459045,1.0,1.3954704000107865e-11,1.5622002500464998,1.2559233600097076e-08,-1.5570099975115324,0.999966219270897
0.5,4.343,1.0,32,2.718281828459045,1.0,1.9473394267111938e-22,1.5622002500464998,1.752605484040074e-19,-1.5570099975115324,0.999966219270897
0.5,4.343,1.0,50,2.718281828459045,1.0,1.1946827386588749e-34,1.5622002500464998,1.075214464792987e-31,-1.5570099975115324,0.999966219270897
0.5,4.343,0.9,1,2.0877238501566655,1.0,0.1307376905302204,1.4368329048369846,117.66392147719836,-1.430574560440155,0.9999466665551006
0.5,4.343,0.9,2,2.0877238501566655,1.0,0.045054947289634086,1.4368329048369846,40.54945256067067,-1.430574560440155,0.9999466665551006
0.5,4.343,0.9,4,2.0877238501566655,1.0,0.0030604911944393585,1.4368329048369846,2.7544420749954224,-1.430574560440155,0.9999466665551006
0.5,4.343,0.9,8,2.0877238501566655,1.0,1.0167192983056262e-05,1.4368329048369846,0.009150473684750634,-1.430574560440155,0.9999466665551006
0.5,4.343,0.9,16,2.0877238501566655,1.0,1.0371967393810749e-10,1.4368329048369846,9.334770654429673e-08,-1.430574560440155,0.9999466665551006
0.5,4.343,0.9,32,2.0877238501566655,1.0,1.0757831468992699e-20,1.4368329048369846,9.682048322093426e-18,-1.430574560440155,0.9999466665551006
0.5,4.343,0.9,50,2.0877238501566655,1.0,6.303327912204119e-32,1.4368329048369846,5.672995120983706e-29,-1.430574560440155,0.9999466665551006
0.5,4.343,0.7,1,1.255570227857047,1.0,0.13485242910601822,1.200969082046926,121.36718619541638,-1.191883669518291,0.9998668512205968
0.5,4.343,0.7,2,1.255570227857047,1.0,0.06296968074660518,1.200969082046926,56.672712671944645,-1.191883669518291,0.9998668512205968
0.5,4.343,0.7,4,1.255570227857047,1.0,0.007437658415469196,1.200969082046926,6.693892573922275,-1.191883669518291,0.9998668512205968
0.5,4.343,0.7,8,1.255570227857047,1.0,6.662771017330562e-05,1.200969082046926,0.05996493915597505,-1.191883669518291,0.9998668512205968
0.5,4.343,0.7,16,1.255570227857047,1.0,4.516270573589221e-09,1.200969082046926,4.064643516230297e-06,-1.191883669518291,0.9998668512205968
0.5,4.343,0.7,32,1.255570227857047,1.0,2.0399717300198297e-17,1.200969082046926,1.8359745570178463e-14,-1.191883669518291,0.9998668512205968
0.5,4.343,0.7,50,1.255570227857047,1.0,8.342337129706136e-27,1.200969082046926,7.508103416735522e-24,-1.191883669518291,0.9998668512205968
0.5,4.343,0.5,1,0.7310585786300049,1.0,0.127296294192135,0.9620125347384946,114.56666477292148,-0.9483093426296291,0.999630463462085
0.5,4.343,0.5,2,0.7310585786300049,1.0,0.08108135639243094,0.9620125347384946,72.97322075318783,-0.9483093426296291,0.999630463462085
0.5,4.343,0.5,4,0.7310585786300049,1.0,0.01710449592750208,0.9620125347384946,15.394046334751868,-0.9483093426296291,0.999630463462085
0.5,4.343,0.5,8,0.7310585786300049,1.0,0.0004368153518883092,0.9620125347384946,0.3931338166994782,-0.9483093426296291,0.999630463462085
0.5,4.343,0.5,16,0.7310585786300049,1.0,2.0634183548842455e-07,0.9620125347384946,0.00018570765193958206,-0.9483093426296291,0.999630463462085
0.5,4.343,0.5,32,0.7310585786300049,1.0,4.2707431402425177e-14,0.9620125347384946,3.843668826218265e-11,-0.9483093426296291,0.999630463462085
0.5,4.343,0.5,50,0.7310585786300049,1.0,1.2887338366100186e-21,0.9620125347384946,1.1598604529490166e-18,-0.9483093426296291,0.999630463462085
0.5,4.343,0.3,1,0.3702040836762051,1.0,0.09932222641719063,0.6883281152765377,89.39000377547156,-0.6652185337269109,0.9985989692253056
0.5,4.343,0.3,2,0.3702040836762051,1.0,0.08993711720417341,0.6883281152765377,80.94340548375605,-0.6652185337269109,0.9985989692253056
0.5,4.343,0.3,4,0.3702040836762051,1.0,0.0373153817614747,0.6883281152765377,33.58384358532722,-0.6652185337269109,0.9985989692253056
0.5,4.343,0.3,8,0.3702040836762051,1.0,0.0033627698193832243,0.6883281152765377,3.026492837444901,-0.6652185337269109,0.9985989692253056
0.5,4.343,0.3,16,0.3702040836762051,1.0,1.5996033373759923e-05,0.6883281152765377,0.014396430036383927,-0.6652185337269109,0.9985989692253056
0.5,4.343,0.3,32,0.3702040836762051,1.0,2.714158562656527e-10,0.6883281152765377,2.4427427063908735e-07,-0.6652185337269109,0.9985989692253056
0.5,4.343,0.3,50,0.3702040836762051,1.0,1.1301542689487242e-15,0.6883281152765377,1.0171388420538516e-12,-0.6652185337269109,0.9985989692253056
0.5,4.343,0.1,1,0.10674774438332771,1.0,0.03364937743033247,0.3086678670612615,30.28443968729922,-0.2575133460400527,0.983485144969583
0.5,4.343,0.1,2,0.10674774438332771,1.0,0.04829358429588271,0.3086678670612615,43.46422586629443,-0.2575133460400527,0.983485144969583
0.5,4.343,0.1,4,0.10674774438332771,1.0,0.049764875714397,0.3086678670612615,44.788388142957295,-0.2575133460400527,0.983485144969583
0.5,4.343,0.1,8,0.10674774438332771,1.0,0.026479680226744545,0.3086678670612615,23.831712204070087,-0.2575133460400527,0.983485144969583
0.5,4.343,0.1,16,0.10674774438332771,1.0,0.003781330894498929,0.3086678670612615,3.403197805049036,-0.2575133460400527,0.983485144969583
0.5,4.343,0.1,32,0.10674774438332771,1.0,3.9880495665018935e-05,0.3086678670612615,0.035892446098517036,-0.2575133460400527,0.983485144969583
0.5,4.343,0.1,50,0.10674774438332771,1.0,1.7931003801929347e-07,0.3086678670612615,0.0001613790342173641,-0.2575133460400527,0.983485144969583
0.7,6.08,1.0,1,4.0551999668446745,1.0,0.11485516777507174,1.7549003130151553,103.36965099756455,-1.7509583063369558,0.9999826975934109
0.7,6.08,1.0,2,4.0551999668446745,1.0,0.026530830704145306,1.7549003130151553,23.87774763373077,-1.7509583063369558,0.9999826975934109
0.7,6.08,1.0,4,4.0551999668446745,1.0,0.0008828112875524488,1.7549003130151553,0.7945301587972038,-1.7509583063369558,0.9999826975934109
0.7,6.08,1.0,8,4.0551999668446745,1.0,7.99432111865746e-07,1.7549003130151553,0.0007194889006791712,-1.7509583063369558,0.9999826975934109
0.7,6.08,1.0,16,4.0551999668446745,1.0,6.392984226872517e-13,1.7549003130151553,5.753685804185264e-10,-1.7509583063369558,0.9999826975934109
0.7,6.08,1.0,32,4.0551999668446745,1.0,4.087024946241475e-25,1.7549003130151553,3.6783224516173273e-22,-1.7509583063369558,0.9999826975934109
0.7,6.08,1.0,50,4.0551999668446745,1.0,7.813109093644784e-39,1.7549003130151553,7.031798184280304e-36,-1.7509583063369558,0.9999826975934109
0.7,6.08,0.9,1,2.795575693538996,1.0,0.12479479245388378,1.575611146924522,112.31531320849537,-1.5705217162774507,0.9999677957160426
0.7,6.08,0.9,2,2.795575693538996,1.0,0.036061622484854686,1.575611146924522,32.45546023636921,-1.5705217162774507,0.9999677957160426
0.7,6.08,0.9,4,2.795575693538996,1.0,0.0017864184715615464,1.575611146924522,1.6077766244053913,-1.5705217162774507,0.9999677957160426
0.7,6.08,0.9,8,2.795575693538996,1.0,3.3535076845909453e-06,1.575611146924522,0.00301815691613185,-1.5705217162774507,0.9999677957160426
0.7,6.08,0.9,16,2.795575693538996,1.0,1.1259839715361576e-11,1.575611146924522,1.0133855743825415e-08,-1.5705217162774507,0.9999677957160426
0.7,6.08,0.9,32,2.795575693538996,1.0,1.2678408611123583e-22,1.575611146924522,1.1410567750011223e-19,-1.5705217162774507,0.9999677957160426
0.7,6.08,0.9,50,2.795575693538996,1.0,6.109964167289068e-35,1.575611146924522,5.498967750560161e-32,-1.5705217162774507,0.9999677957160426
0.7,6.08,0.7,1,1.4811119878966985,1.0,0.13456031697007556,1.2766289428588558,121.10428527306797,-1.2685932994603337,0.9999015853412632
0.7,6.08,0.7,2,1.4811119878966985,1.0,0.05697176257938084,1.2766289428588558,51.27458632144274,-1.2685932994603337,0.9999015853412632
0.7,6.08,0.7,4,1.4811119878966985,1.0,0.005622180622517212,1.2766289428588558,5.05996256026549,-1.2685932994603337,0.9999015853412632
0.7,6.08,0.7,8,1.4811119878966985,1.0,3.649987560380355e-05,1.2766289428588558,0.03284988804342319,-1.2685932994603337,0.9999015853412632
0.7,6.08,0.7,16,1.4811119878966985,1.0,1.3460523965364623e-09,1.2766289428588558,1.2114471568828158e-06,-1.2685932994603337,0.9999015853412632
0.7,6.08,0.7,32,1.4811119878966985,1.0,1.8119534214743007e-18,1.2766289428588558,1.6307580793268704e-15,-1.2685932994603337,0.9999015853412632
0.7,6.08,0.7,50,1.4811119878966985,1.0,1.8982557930488513e-28,1.2766289428588558,1.7084302137439658e-25,-1.2685932994603337,0.9999015853412632
0.7,6.08,0.5,1,0.8021838885585817,1.0,0.1295730716359931,1.0019190890627638,116.61576447239376,-0.9891589197311759,0.9996908188022438
0.7,6.08,0.5,2,0.8021838885585817,1.0,0.07836257744723299,1.0019190890627638,70.52631970250967,-0.9891589197311759,0.9996908188022438
0.7,6.08,0.5,4,0.8021838885585817,1.0,0.014988496256853097,1.0019190890627638,13.489646631167785,-0.9891589197311759,0.9996908188022438
0.7,6.08,0.5,8,0.8021838885585817,1.0,0.00032019419893265967,1.0019190890627638,0.28817477903939365,-0.9891589197311759,0.9996908188022438
0.7,6.08,0.5,16,0.8021838885585817,1.0,1.0902907106430331e-07,1.0019190890627638,9.812616395787297e-05,-0.9891589197311759,0.9996908188022438
0.7,6.08,0.5,32,0.8021838885585817,1.0,1.1909836449817383e-14,1.0019190890627638,1.0718852804835643e-11,-0.9891589197311759,0.9996908188022438
0.7,6.08,0.5,50,0.8021838885585817,1.0,1.7522796412743336e-22,1.0019190890627638,1.5770516771469e-19,-0.9891589197311759,0.9996908188022438
0.7,6.08,0.3,1,0.3876073710426415,1.0,0.10172224822663584,0.7055982281203558,91.55002340397223,-0.6832800597919909,0.9987205911466701
0.7,6.08,0.3,2,0.3876073710426415,1.0,0.09011613619626113,0.7055982281203558,81.104522576635,-0.6832800597919909,0.9987205911466701
0.7,6.08,0.3,4,0.3876073710426415,1.0,0.0358289651273781,0.7055982281203558,32.24606861464028,-0.6832800597919909,0.9987205911466701
0.7,6.08,0.3,8,0.3876073710426415,1.0,0.0029773152622964163,0.7055982281203558,2.679583736066774,-0.6832800597919909,0.9987205911466701
0.7,6.08,0.3,16,0.3876073710426415,1.0,1.2190605382179074e-05,0.7055982281203558,0.010971544843961165,-0.6832800597919909,0.9987205911466701
0.7,6.08,0.3,32,0.3876073710426415,1.0,1.5621836276196122e-10,0.7055982281203558,1.4059652648576508e-07,-0.6832800597919909,0.9987205911466701
0.7,6.08,0.3,50,0.3876073710426415,1.0,4.765680229485003e-16,0.7055982281203558,4.289112206536502e-13,-0.6832800597919909,0.9987205911466701
0.7,6.08,0.1,1,0.10814789526348335,1.0,0.03418041809567396,0.31167962925948667,30.76237628610656,-0.2608158735992681,0.9839249161788276
0.7,6.08,0.1,2,0.10814789526348335,1.0,0.048886601922944306,0.31167962925948667,43.99794173064987,-0.2608158735992681,0.9839249161788276
0.7,6.08,0.1,4,0.10814789526348335,1.0,0.0500302623285615,0.31167962925948667,45.02723609570534,-0.2608158735992681,0.9839249161788276
0.7,6.08,0.1,8,0.10814789526348335,1.0,0.026259020624175525,0.31167962925948667,23.633118561757968,-0.2608158735992681,0.9839249161788276
0.7,6.08,0.1,16,0.10814789526348335,1.0,0.003649792798764189,0.31167962925948667,3.28481351888777,-0.2608158735992681,0.9839249161788276
0.7,6.08,0.1,32,0.10814789526348335,1.0,3.651307770461466e-05,0.31167962925948667,0.03286176993415319,-0.2608158735992681,0.9839249161788276
0.7,6.08,0.1,50,0.10814789526348335,1.0,1.5496647577728348e-07,0.31167962925948667,0.0001394698281995551,-0.2608158735992681,0.9839249161788276
1.0,8.686,1.0,1,7.3890560989306495,1.0,0.09625208264967344,2.0481084773623888,86.62687438470608,-2.0454509119930204,0.9999933448888637
1.0,8.686,1.0,2,7.3890560989306495,1.0,0.015564461830640237,2.0481084773623888,14.008015647576212,-2.0454509119930204,0.9999933448888637
1.0,8.686,1.0,4,7.3890560989306495,1.0,0.0002755924051006384,2.0481084773623888,0.24803316459057448,-2.0454509119930204,0.9999933448888637
1.0,8.686,1.0,8,7.3890560989306495,1.0,7.658343778299828e-08,2.0481084773623888,6.892509400469844e-05,-2.0454509119930204,0.9999933448888637
1.0,8.686,1.0,16,7.3890560989306495,1.0,5.86522448548089e-15,2.0481084773623888,5.2787020369328e-12,-2.0454509119930204,0.9999933448888637
1.0,8.686,1.0,32,7.3890560989306495,1.0,3.440085828539502e-29,2.0481084773623888,3.096077245685551e-26,-2.0454509119930204,0.9999933448888637
1.0,8.686,1.0,50,7.3890560989306495,1.0,3.3565219925849054e-45,2.0481084773623888,3.0208697933264145e-42,-2.0454509119930204,0.9999933448888637
1.0,8.686,0.9,1,4.057677543413555,1.0,0.11483734373025871,1.7551965718851825,103.35360935723281,-1.7512561902091264,0.9999827149057544
1.0,8.686,0.9,2,4.057677543413555,1.0,0.026516995740549984,1.7551965718851825,23.865296166494982,-1.7512561902091264,0.9999827149057544
1.0,8.686,0.9,4,4.057677543413555,1.0,0.0008817784148030646,1.7551965718851825,0.7936005733227579,-1.7512561902091264,0.9999827149057544
1.0,8.686,0.9,8,4.057677543413555,1.0,7.975399321983029e-07,1.7551965718851825,0.0007177859389784725,-1.7512561902091264,0.9999827149057544
1.0,8.686,0.9,16,4.057677543413555,1.0,6.362752283542583e-13,1.7551965718851825,5.726477055188324e-10,-1.7512561902091264,0.9999827149057544
1.0,8.686,0.9,32,4.057677543413555,1.0,4.048461872950099e-25,1.7551965718851825,3.6436156856550882e-22,-1.7512561902091264,0.9999827149057544
1.0,8.686,0.9,50,4.057677543413555,1.0,7.698226922271934e-39,1.7551965718851825,6.928404230044739e-36,-1.7512561902091264,0.9999827149057544
1.0,8.686,0.7,1,1.7733429644660952,1.0,0.13304861256213174,1.3602114616828276,119.74375130591854,-1.3531697081294158,0.9999288212067617
1.0,8.686,0.7,2,1.7733429644660952,1.0,0.05058034662828424,1.3602114616828276,45.52231196545581,-1.3531697081294158,0.9999288212067617
1.0,8.686,0.7,4,1.7733429644660952,1.0,0.0041027466225614295,1.3602114616828276,3.692471960305286,-1.3531697081294158,0.9999288212067617
1.0,8.686,0.7,8,1.7733429644660952,1.0,1.8744964978057298e-05,1.3602114616828276,0.016870468480251564,-1.3531697081294158,0.9999288212067617
1.0,8.686,0.7,16,1.7733429644660952,1.0,3.5341018508977285e-10,1.3602114616828276,3.180691665807955e-07,-1.3531697081294158,0.9999288212067617
1.0,8.686,0.7,32,1.7733429644660952,1.0,1.249008445545778e-19,1.3602114616828276,1.1241076009912e-16,-1.3531697081294158,0.9999288212067617
1.0,8.686,0.7,50,1.7733429644660952,1.0,2.9065874797604485e-30,1.3602114616828276,2.615928731784403e-27,-1.3531697081294158,0.9999288212067617
1.0,8.686,0.5,1,0.8807970779778823,1.0,0.13145004566204735,1.0426109406296118,118.30504109584258,-1.0307318223269046,0.9997413260480618
1.0,8.686,0.5,2,0.8807970779778823,1.0,0.07540185297904237,1.0426109406296118,67.86166768113812,-1.0307318223269046,0.9997413260480618
1.0,8.686,0.5,4,0.8807970779778823,1.0,0.013056376046308733,1.0426109406296118,11.750738441677857,-1.0307318223269046,0.9997413260480618
1.0,8.686,0.5,8,0.8807970779778823,1.0,0.00023285306351077413,1.0426109406296118,0.20956775715969667,-1.0307318223269046,0.9997413260480618
1.0,8.686,0.5,16,0.8807970779778823,1.0,5.6878546883977835e-08,1.0426109406296118,5.119069219558004e-05,-1.0307318223269046,0.9997413260480618
1.0,8.686,0.5,32,0.8807970779778823,1.0,3.2388747404112506e-15,1.0426109406296118,2.9149872663701248e-12,-1.0307318223269046,0.9997413260480618
1.0,8.686,0.5,50,0.8807970779778823,1.0,2.290820630513424e-23,1.0426109406296118,2.061738567462081e-20,-1.0307318223269046,0.9997413260480618
1.0,8.686,0.3,1,0.4050766446690746,1.0,0.10397308753173196,0.7223539356858172,93.57577877855874,-0.7007722873421607,0.9988273157138836
1.0,8.686,0.3,2,0.4050766446690746,1.0,0.0901698858080765,0.7223539356858172,81.15289722726884,-0.7007722873421607,0.9988273157138836
1.0,8.686,0.3,4,0.4050766446690746,1.0,0.034396206784584216,0.7223539356858172,30.956586106125787,-0.7007722873421607,0.9988273157138836
1.0,8.686,0.3,8,0.4050766446690746,1.0,0.0026423571591595394,0.7223539356858172,2.3781214432435847,-0.7007722873421607,0.9988273157138836
1.0,8.686,0.3,16,0.4050766446690746,1.0,9.36001197214342e-06,0.7223539356858172,0.008424010774929077,-0.7007722873421607,0.9988273157138836
1.0,8.686,0.3,32,0.4050766446690746,1.0,9.140011625541627e-11,0.7223539356858172,8.226010462987463e-08,-0.7007722873421607,0.9988273157138836
1.0,8.686,0.3,50,0.4050766446690746,1.0,2.061963822777461e-16,0.7223539356858172,1.8557674404997146e-13,-0.7007722873421607,0.9988273157138836
1.0,8.686,0.1,1,0.10946505727436245,1.0,0.034678586336180595,0.314496414995012,31.21072770256253,-0.2639045818999529,0.9843219565121057
1.0,8.686,0.1,2,0.10946505727436245,1.0,0.04943898454134421,0.314496414995012,44.49508608720978,-0.2639045818999529,0.9843219565121057
1.0,8.686,0.1,4,0.10946505727436245,1.0,0.05027044833967875,0.314496414995012,45.243403505710866,-0.2639045818999529,0.9843219565121057
1.0,8.686,0.1,8,0.10946505727436245,1.0,0.026049216713042743,0.314496414995012,23.444295041738464,-0.2639045818999529,0.9843219565121057
1.0,8.686,0.1,16,0.10946505727436245,1.0,0.003530179336672308,0.314496414995012,3.1771614030050763,-0.2639045818999529,0.9843219565121057
1.0,8.686,0.1,32,0.10946505727436245,1.0,3.361458424166739e-05,0.314496414995012,0.030253125817500642,-0.2639045818999529,0.9843219565121057
1.0,8.686,0.1,50,0.10946505727436245,1.0,1.3517588964580493e-07,0.314496414995012,0.00012165830068122442,-0.2639045818999529,0.9843219565121057
1.5,13.029,1.0,1,20.085536923187668,1.0,0.06635033840940883,2.5428228199731038,59.71530456846794,-2.5413865675510765,0.9999984943040631
1.5,13.029,1.0,2,20.085536923187668,1.0,0.00603375630668291,2.5428228199731038,5.430380676014618,-2.5413865675510765,0.9999984943040631
1.5,13.029,1.0,4,20.085536923187668,1.0,3.823005414017849e-05,2.5428228199731038,0.034407048726160634,-2.5413865675510765,0.9999984943040631
1.5,13.029,1.0,8,20.085536923187668,1.0,1.463283554757408e-09,2.5428228199731038,1.3169551992816669e-06,-2.5413865675510765,0.9999984943040631
1.5,13.029,1.0,16,20.085536923187668,1.0,2.1412002886036827e-18,2.5428228199731038,1.9270802597433142e-15,-2.5413865675510765,0.9999984943040631
1.5,13.029,1.0,32,20.085536923187668,1.0,4.5847386759176604e-36,2.5428228199731038,4.126264808325894e-33,-2.5413865675510765,0.9999984943040631
1.5,13.029,1.0,50,20.085536923187668,1.0,6.071612430039951e-56,2.5428228199731038,5.464451187035954e-53,-2.5413865675510765,0.9999984943040631
1.5,13.029,0.9,1,6.215110719327142,1.0,0.10174366502139279,1.963168886796376,91.5692985192535,-1.9601976955315485,0.9999912821379899
1.5,13.029,0.9,2,6.215110719327142,1.0,0.018220444879592745,1.963168886796376,16.398400391633466,-1.9601976955315485,0.9999912821379899
1.5,13.029,0.9,4,6.215110719327142,1.0,0.0003864746427387707,1.963168886796376,0.3478271784648936,-1.9601976955315485,0.9999912821379899
1.5,13.029,0.9,8,6.215110719327142,1.0,1.5109090187463118e-07,1.963168886796376,0.00013598181168716805,-1.9601976955315485,0.9999912821379899
1.5,13.029,0.9,16,6.215110719327142,1.0,2.2829971337688257e-14,1.963168886796376,2.0546974203919428e-11,-1.9601976955315485,0.9999912821379899
1.5,13.029,0.9,32,6.215110719327142,1.0,5.212075924208627e-28,1.963168886796376,4.690868331787764e-25,-1.9601976955315485,0.9999912821379899
1.5,13.029,0.9,50,6.215110719327142,1.0,2.346006823805782e-43,1.963168886796376,2.1114061414252036e-40,-1.9601976955315485,0.9999912821379899
1.5,13.029,0.7,1,2.0904823608200855,1.0,0.13071571868814041,1.4374558457951994,117.64414681932635,-1.4312034274359373,0.9999467899144796
1.5,13.029,0.7,2,2.0904823608200855,1.0,0.04501155186470391,1.4374558457951994,40.51039667823351,-1.4312034274359373,0.9999467899144796
1.5,13.029,0.7,4,2.0904823608200855,1.0,0.003053164693959186,1.4374558457951994,2.7478482245632665,-1.4312034274359373,0.9999467899144796
1.5,13.029,0.7,8,2.0904823608200855,1.0,1.0116726134673169e-05,1.4374558457951994,0.00910505352120585,-1.4312034274359373,0.9999467899144796
1.5,13.029,0.7,16,2.0904823608200855,1.0,1.0269103157295728e-10,1.4374558457951994,9.242192841566154e-08,-1.4312034274359373,0.9999467899144796
1.5,13.029,0.7,32,2.0904823608200855,1.0,1.0545506947137557e-20,1.4374558457951994,9.4909562524238e-18,-1.4312034274359373,0.9999467899144796
1.5,13.029,0.7,50,2.0904823608200855,1.0,6.110023907657991e-32,1.4374558457951994,5.499021516892192e-29,-1.4312034274359373,0.9999467899144796
1.5,13.029,0.5,1,0.9525741268224334,1.0,0.13270224347647608,1.0770769387520773,119.43201912882843,-1.0658864555339804,0.9997770163486173
1.5,13.029,0.5,2,0.9525741268224334,1.0,0.0727841322816012,1.0770769387520773,65.50571905344107,-1.0658864555339804,0.9997770163486173
1.5,13.029,0.5,4,0.9525741268224334,1.0,0.011588578075830526,1.0770769387520773,10.429720268247472,-1.0658864555339804,0.9997770163486173
1.5,13.029,0.5,8,0.9525741268224334,1.0,0.0001775836638333649,1.0770769387520773,0.15982529745002835,-1.0658864555339804,0.9997770163486173
1.5,13.029,0.5,16,0.9525741268224334,1.0,3.277492035616894e-08,1.0770769387520773,2.949742832055204e-05,-1.0658864555339804,0.9997770163486173
1.5,13.029,0.5,32,0.9525741268224334,1.0,1.074993072199281e-15,1.0770769387520773,9.674937649793528e-13,-1.0658864555339804,0.9997770163486173
1.5,13.029,0.5,50,0.9525741268224334,1.0,4.088570075913568e-24,1.0770769387520773,3.6797130683222104e-21,-1.0658864555339804,0.9997770163486173
1.5,13.029,0.3,1,0.4196179090599649,1.0,0.10573386749150498,0.7358853635963906,95.16048074235447,-0.7148769567122144,0.9989062087014973
1.5,13.029,0.3,2,0.4196179090599649,1.0,0.09013054650744984,0.7358853635963906,81.11749185670483,-0.7148769567122144,0.9989062087014973
1.5,13.029,0.3,4,0.4196179090599649,1.0,0.03324977814129457,0.7358853635963906,29.92480032716511,-0.7148769567122144,0.9989062087014973
1.5,13.029,0.3,8,0.4196179090599649,1.0,0.0023975716259056526,0.7358853635963906,2.157814463315087,-0.7148769567122144,0.9989062087014973
1.5,13.029,0.3,16,0.4196179090599649,1.0,7.558460552643666e-06,0.7358853635963906,0.006802614497379299,-0.7148769567122144,0.9989062087014973
1.5,13.029,0.3,32,0.4196179090599649,1.0,5.928444902796852e-11,0.7358853635963906,5.335600412517165e-08,-0.7148769567122144,0.9989062087014973
1.5,13.029,0.3,50,0.4196179090599649,1.0,1.0482157787219955e-16,0.7358853635963906,9.433942008497956e-14,-0.7148769567122144,0.9989062087014973
1.5,13.029,0.1,1,0.11049983744870041,1.0,0.03506897852368007,0.3166982429574345,31.56208067131206,-0.2663189242673065,0.9846231199529429
1.5,13.029,0.1,2,0.11049983744870041,1.0,0.049869215136066736,0.3166982429574345,44.882293622460054,-0.2663189242673065,0.9846231199529429
1.5,13.029,0.1,4,0.11049983744870041,1.0,0.05045281675089627,0.3166982429574345,45.40753507580664,-0.2663189242673065,0.9846231199529429
1.5,13.029,0.1,8,0.11049983744870041,1.0,0.02588303100404068,0.3166982429574345,23.294727903636606,-0.2663189242673065,0.9846231199529429
1.5,13.029,0.1,16,0.11049983744870041,1.0,0.0034389418524702164,0.3166982429574345,3.095047667223194,-0.2663189242673065,0.9846231199529429
1.5,13.029,0.1,32,0.11049983744870041,1.0,3.1505809069324955e-05,0.3166982429574345,0.028355228162392453,-0.2663189242673065,0.9846231199529429
1.5,13.029,0.1,50,0.11049983744870041,1.0,1.214694671770364e-07,0.3166982429574345,0.00010932252045933274,-0.2663189242673065,0.9846231199529429
